<?xml version="1.0"?>
<skin version="1.1" name="Bekle" author="LongTail Video">

	<components>
		<component name="controlbar">
			<settings>
				<setting name="margin" value="0" />
				<setting name="fontsize" value="10" />
				<setting name="fontcolor" value="0xffffff"/>
				<setting name="buttoncolor" value="0xffffff"/>
			</settings>

			<layout>
				<group position="left">
					<button name="play" />
					<divider name="divider" />
					<text name="elapsed" />
				</group>
				<group position="center">
					<slider name="time" />
				</group>
				<group position="right">
					<text name="duration" />
					<slider name="volume" />
					<button name="fullscreen" />
				</group>
			</layout>

			<elements>
				<element name="capLeft" src="cap.png" />
				<element name="background" src="cap.png" />
				<element name="capRight" src="cap.png" />
				<element name="divider" src="leftCap.png" />
				<element name="playButton" src="playButton.png" />
				<element name="pauseButton" src="pauseButton.png" />
				<element name="elapsedBackground" src="textBackground.png" />
				<element name="timeSliderRail" src="timeSliderRail.png" />
				<element name="timeSliderBuffer" src="timeSliderBuffer.png" />
				<element name="timeSliderProgress" src="timeSliderProgress.png" />
				<element name="timeSliderCapLeft" src="timeSliderCapLeft.png" />
				<element name="timeSliderCapRight" src="timeSliderCapRight.png" />
				<element name="durationBackground" src="textBackground.png" />
				<element name="volumeSliderRail" src="volumeSliderRail.png" />
				<element name="volumeSliderProgress" src="volumeSliderProgress.png" />
				<element name="volumeSliderCapLeft" src="volumeCap.png" />
				<element name="volumeSliderCapRight" src="volumeCap.png" />
				<element name="fullscreenButton" src="fullscreenButton.png" />
				<element name="normalscreenButton" src="normalscreenButton.png" />
			</elements>
		</component>
		
		<component name="display">
			<settings>
				<setting name="backgroundcolor" value="0x000000" />
				<setting name="bufferinterval" value="150" />
				<setting name="bufferrotation" value="90" />
			</settings>
			<elements>
				<element name="background" src="background.png" />
				<element name="playIcon" src="playIcon.png" />
				<element name="bufferIcon" src="bufferIcon.png" />
			</elements>
		</component>
		
		<component name="dock">
			<settings>
				<setting name="fontcolor" value="0x00adef" />
			</settings>
			<elements>
				<element name="button" src="button.png" />
			</elements>
		</component>

		<component name="playlist">
			<settings>
				<setting name="fontcolor" value="0xbbbbbb" />
				<setting name="overcolor" value="0xfa3026" />
				<setting name="activecolor" value="0xfa3026" />
				<setting name="backgroundcolor" value="0x262626" />
				<setting name="thumbs" value="ture" />
			</settings>
			<elements>
				<element name="item" src="item.png" />
				<element name="itemActive" src="itemOver.png" />
				<element name="sliderRail" src="sliderRail.png" />
				<element name="sliderThumb" src="sliderThumb.png" />
				<element name="sliderCapTop" src="sliderCap.png" />
				<element name="sliderCapBottom" src="sliderCap.png" />
			</elements>
		</component>

	</components>

</skin>